<?xml version='1.0' encoding='utf-8'?>
<project xmlns:ns1="http://www.plcopen.org/xml/tc6.xsd" xmlns:xhtml="http://www.w3.org/1999/xhtml" xmlns:xsd="http://www.w3.org/2001/XMLSchema" xmlns="http://www.plcopen.org/xml/tc6_0201">
  <fileHeader companyName="Unknown" productName="Unnamed" productVersion="1" creationDateTime="2023-12-28T15:23:55"/>
  <contentHeader name="Unnamed" modificationDateTime="2023-12-28T15:24:51">
    <coordinateInfo>
      <fbd>
        <scaling x="10" y="10"/>
      </fbd>
      <ld>
        <scaling x="10" y="10"/>
      </ld>
      <sfc>
        <scaling x="10" y="10"/>
      </sfc>
    </coordinateInfo>
  </contentHeader>
  <types>
    <dataTypes/>
    <pous>
      <pou name="FactoryIOE1" pouType="program">
        <body>
          <ST>
            <xhtml:p><![CDATA[IF I_FactoryStartButton = 1 AND I_FactoryStopButton = 1 THEN
  Q_FactoryStartLight := 1;
  Q_FactoryEmitBoxes := 1;
  Q_FactoryStackLightGreen := 1;
END_IF;

IF I_FactoryStopButton = 0 THEN
  Q_FactoryEmitBoxes := 0;
END_IF;
  
IF I_FactoryResetButton THEN
  Q_FactoryResetLight := 1;
  Q_FactoryCounterDisplay := 0;
  ELSE 
  Q_FactoryResetLight := 0;
END_IF;  

IF I_FactoryCheckQualitySensor THEN
  I_FactoryPusherFront :=0;
  I_FactoryPusherBack :=1;
  Q_FactoryPusher := 0;
  Q_FactoryStackLightYellow := 1;
  ELSE 
  I_FactoryPusherFront :=1;
  I_FactoryPusherBack :=0;
  Q_FactoryPusher := 1;
  Q_FactoryStackLightYellow := 0;
  END_IF;
  
FallingEdge(
     CLK := I_FactoryCounterSensor,
     Q => Q_BoxDetected);
     
IF Q_BoxDetected THEN
  Q_FactoryCounterDisplay := Q_FactoryCounterDisplay + 1;
  END_IF;

Q_FactoryCurrentSpeed := MOVE(I_FactoryPotentiometer);
Q_FactorySpeedDisplay := MOVE(I_FactoryPotentiometer);
   
IF I_FactoryPotentiometer < 0 THEN
  Q_FactoryStackLightRed := 1;
  Q_FactoryAlarmSiren := 1;
  ELSE 
  Q_FactoryStackLightRed := 0;
  Q_FactoryAlarmSiren := 0;
  END_IF;
]]></xhtml:p>
          </ST>
        </body>
      </pou>
    </pous>
  </types>
  <instances>
    <configurations>
      <configuration name="Config0">
        <resource name="Res0">
          <task name="task0" priority="0" interval="T#20ms">
            <pouInstance name="instance0" typeName="FactoryIOE1"/>
          </task>
        </resource>
      </configuration>
    </configurations>
  </instances>
</project>
